angle,lc,EA,IPF,EA_full,EA_norm,IPF_norm,EA_std,IPF_std,neg_force_frac,nonmono_energy_frac,neg_ea_frac,ipf_fallback_frac
45.0,LC2,24.940659523010254,0.3860291490952174,36.33803176879883,0.03826903995444488,-0.009454406916126555,0.12047026133083838,0.0036958872173558244,0.0,0.0,0.0,0.0
45.05,LC2,24.973883416917587,0.3865058836009767,36.397854487101235,0.03909982838346688,-0.008319324759559491,0.12287102683102553,0.003743871667424708,0.0,0.0,0.0,0.0
45.1,LC2,25.007413122389053,0.3869859261645211,36.4581044514974,0.0399382638604132,-0.007176366274932709,0.1260624887130474,0.0038023063097680724,0.0,0.0,0.0,0.0
45.15,LC2,25.041259871588814,0.38746928837564254,36.518805185953774,0.04078462725398771,-0.006025503867503447,0.1299625701160823,0.003870378903774581,0.0,0.0,0.0,0.0
45.2,LC2,25.075436274210613,0.3879564338260227,36.57996516757541,0.04163923387905644,-0.004865633747553485,0.13447459237177253,0.003946999136959477,0.0,0.0,0.0,0.0
45.25,LC2,25.109930992126465,0.38844676812489826,36.6415818532308,0.04250180021721049,-0.0036981711311858544,0.13951340789332714,0.0040314574699846124,0.0,0.0,0.0,0.0
45.3,LC2,25.144762886895073,0.38894106944402057,36.7036681705051,0.04337279791589637,-0.0025212632285164793,0.14500135661069863,0.004122675503296284,0.0,0.0,0.0,0.0
45.35,LC2,25.17993206448025,0.38944004972775775,36.76623174879286,0.04425222962481886,-0.0013332149339069686,0.1508678147553641,0.0042203503937081645,0.0,0.0,0.0,0.0
45.4,LC2,25.215439902411568,0.38994258476628196,36.829284244113495,0.04514012979013977,-0.00013670293742360312,0.1570404655778331,0.004323679935898372,0.0,0.0,0.0,0.0
45.45,LC2,25.251295407613117,0.3904484808444977,36.89281717936198,0.046036723636763206,0.001067811534515713,0.16345106035551327,0.0044318068485205715,0.0,0.0,0.0,0.0
45.5,LC2,25.28750048743354,0.3909576220644845,36.95685746934679,0.04694205885937496,0.0022800525344813917,0.17006038753077748,0.004544008570588124,0.0,0.0,0.0,0.0
45.55,LC2,25.324066480000813,0.39147019386291504,37.02140129937066,0.04785641897638366,0.0035004615783607745,0.1768174295579838,0.0046595310648762005,0.0,0.0,0.0,0.0
45.6,LC2,25.360989570617676,0.3919866581757863,37.086461808946396,0.048779708598418285,0.0047301385137656525,0.18367904946645497,0.004777953271079372,0.0,0.0,0.0,0.0
45.65,LC2,25.398287879096138,0.39250726997852325,37.152047051323784,0.04971238082499193,0.005969690425041122,0.19061276585270692,0.004898339923578913,0.0,0.0,0.0,0.0
45.7,LC2,25.435956107245552,0.39303117493788403,37.218161053127716,0.050654303170866805,0.007217083185420955,0.19759026544167582,0.005020278568691986,0.0,0.0,0.0,0.0
45.75,LC2,25.474002626207138,0.39355820086267257,37.28481780158149,0.051605684962718563,0.008471906815866867,0.20458146030888708,0.005143250573600767,0.0,0.0,0.0,0.0
45.8,LC2,25.512430720859104,0.3940892351998223,37.35202280680338,0.05256660834139478,0.009736274285267995,0.21156360674958397,0.005266354474025039,0.0,0.0,0.0,0.0
45.85,LC2,25.551248020595974,0.3946237216393153,37.419788148668076,0.05353726408563768,0.01100886104596258,0.21851741488695428,0.005389371746141175,0.0,0.0,0.0,0.0
45.9,LC2,25.59045516120063,0.39516205754545,37.48810746934679,0.05451766809367591,0.012290613203423024,0.22542181699791952,0.005511203384393328,0.0,0.0,0.0,0.0
45.95,LC2,25.630059666103786,0.39570340017477673,37.557006412082245,0.05550800849454699,0.01357952422562652,0.23225911938558808,0.00563213322488376,0.0,0.0,0.0,0.0
46.0,LC2,25.670070754157173,0.39624813364611733,37.626490910847984,0.05650851581256478,0.014876508681196282,0.2390209432395981,0.005751829784898011,0.0,0.0,0.0,0.0
46.05,LC2,25.710490226745605,0.39679642683929867,37.696566899617515,0.057519235092709994,0.016181968664958263,0.24568690508422913,0.00586986771031997,0.0,0.0,0.0,0.0
46.1,LC2,25.751322004530167,0.39734787742296857,37.76724327935113,0.05854026437405871,0.017494946245121563,0.25224802088578707,0.005985771889052371,0.0,0.0,0.0,0.0
46.15,LC2,25.79256576961941,0.39790210458967423,37.83852577209473,0.0595715957074965,0.018814534737274773,0.25869510154279873,0.006099625497992875,0.0,0.0,0.0,0.0
46.2,LC2,25.834234873453777,0.3984600603580475,37.91042518615723,0.06061356295582273,0.02014300085244602,0.26501610572644085,0.006212316241143215,0.0,0.0,0.0,0.0
46.25,LC2,25.876329104105633,0.3990223639541202,37.982955084906685,0.061666160819627766,0.02148181893833029,0.27119920710140083,0.006323216465176906,0.0,0.0,0.0,0.0
46.3,LC2,25.918854501512314,0.3995873034000397,38.056123945448135,0.06272954033208264,0.022826912857182934,0.277243311019207,0.0064314668928379705,0.0,0.0,0.0,0.0
46.35,LC2,25.961808840433758,0.4001547280285094,38.12992435031467,0.06380364584938768,0.02417792387734568,0.2831299206664687,0.0065367081772142385,0.0,0.0,0.0,0.0
46.4,LC2,26.005211724175346,0.400724846455786,38.20439211527506,0.0648889675669224,0.02553534870419152,0.2888622519814797,0.006638910089811956,0.0,0.0,0.0,0.0
46.45,LC2,26.049048105875652,0.4012974467542436,38.279514948527016,0.06598512922661175,0.026898682748135005,0.2944256008656425,0.0067377910347798005,0.0,0.0,0.0,0.0
46.5,LC2,26.09333324432373,0.4018726067410575,38.355314042833115,0.06709251238594033,0.028268111288164838,0.29981903709848595,0.006832648997424823,0.0,0.0,0.0,0.0
46.55,LC2,26.138068411085342,0.40245023204220665,38.43179194132487,0.06821114884136534,0.029643409624230926,0.3050354248481788,0.006923245444565964,0.0,0.0,0.0,0.0
46.6,LC2,26.183258374532063,0.4030301537778642,38.508963690863716,0.06934115782960061,0.031024175661507575,0.31007473613818193,0.007010086086773068,0.0,0.0,0.0,0.0
46.65,LC2,26.22890302870009,0.4036131799221039,38.58683522542318,0.07048253670094164,0.03241233314778918,0.31492312955819834,0.007093057313683129,0.0,0.0,0.0,0.0
46.7,LC2,26.275004598829483,0.4041980819569694,38.66540760464139,0.07163534109918807,0.03380495704032276,0.31958502946276535,0.007172287176476161,0.0,0.0,0.0,0.0
46.75,LC2,26.321569124857586,0.40478463967641193,38.74470329284668,0.07279972205751103,0.035201523038992176,0.32405145683064557,0.00724746146479699,0.0,0.0,0.0,0.0
46.8,LC2,26.368592156304253,0.40537285308043164,38.82471254136827,0.07397556828831076,0.036602031143797675,0.32832034421434775,0.007318251812262377,0.0,0.0,0.0,0.0
46.85,LC2,26.41608344184028,0.40596234798431396,38.90546904669868,0.07516312356442488,0.03800559043875225,0.3323974658254016,0.007385487730129183,0.0,0.0,0.0,0.0
46.9,LC2,26.464044994778103,0.4065535416205724,38.98696984185113,0.07636243823024359,0.03941319433460229,0.3362677844684392,0.007450913883084416,0.0,0.0,0.0,0.0
46.95,LC2,26.512466854519314,0.40714560283554924,39.06921259562174,0.07757326321352,0.04082286389406762,0.33993967750235676,0.007512248434567066,0.0,0.0,0.0,0.0
47.0,LC2,26.561365445454914,0.4077384074529012,39.15222464667426,0.07879600921849111,0.042234303459187945,0.34340987142473034,0.007569722936075719,0.0,0.0,0.0,0.0
47.05,LC2,26.610726674397785,0.40833228329817456,39.23599730597602,0.08003032383442453,0.04364829356697832,0.3466748428109918,0.007623399312284188,0.0,0.0,0.0,0.0
47.1,LC2,26.66055923038059,0.4089265035258399,39.32055452134874,0.08127642433711019,0.045063103632844874,0.34973964296538596,0.00767385177572783,0.0,0.0,0.0,0.0
47.15,LC2,26.710861841837566,0.4095203032096227,39.4058903588189,0.08253427893009099,0.04647691240375284,0.3526017735806729,0.007720628708529409,0.0,0.0,0.0,0.0
47.2,LC2,26.76163058810764,0.4101133959160911,39.492017322116425,0.08380378957429095,0.04788903789534091,0.3552642980218456,0.007763778552241285,0.0,0.0,0.0,0.0
47.25,LC2,26.812868118286133,0.4107058859533734,39.578947491116,0.08508502251232901,0.04929972846029538,0.3577309336417299,0.007802911946720389,0.0,0.0,0.0,0.0
47.3,LC2,26.864572630988228,0.41129759616321987,39.66668955485026,0.08637793269922434,0.05070856229325987,0.3600032049320964,0.007838123837066375,0.0,0.0,0.0,0.0
47.35,LC2,26.91673967573378,0.41188785764906144,39.755244149102104,0.08768240884737717,0.05211394678335551,0.36208275988148153,0.007869759259350292,0.0,0.0,0.0,0.0
47.4,LC2,26.96936904059516,0.4124763442410363,39.84462229410807,0.08899844565737798,0.05351510533567325,0.363975648413319,0.007898287239455631,0.0,0.0,0.0,0.0
47.45,LC2,27.022452142503525,0.41306250790754956,39.93482632107205,0.09032582850314157,0.05491073311308246,0.3656841393257784,0.007923744745215433,0.0,0.0,0.0,0.0
47.5,LC2,27.07599141862657,0.4136461151970757,40.025871700710724,0.0916646183278774,0.05630027427861765,0.3672175727242133,0.007946311732797535,0.0,0.0,0.0,0.0
47.55,LC2,27.129984431796604,0.414227823416392,40.117760552300346,0.09301475418837608,0.057685293848415066,0.36858120959334684,0.007968394150265077,0.0,0.0,0.0,0.0
47.6,LC2,27.18441761864556,0.41480597025818294,40.210499657524956,0.09437589692242881,0.05906183394791397,0.36978243299482244,0.007988083853423304,0.0,0.0,0.0,0.0
47.65,LC2,27.239289177788628,0.4153805938031938,40.3040837181939,0.09574800148505484,0.06042998524555563,0.37082187790223653,0.008005601933057238,0.0,0.0,0.0,0.0
47.7,LC2,27.294600592719185,0.41595087117618984,40.398539225260414,0.09713110497212075,0.06178778851459057,0.3717174974395339,0.008020810074115908,0.0,0.0,0.0,0.0
47.75,LC2,27.35033310784234,0.41651707887649536,40.493856006198456,0.09852473838588474,0.06313590208674336,0.37247256702584375,0.008033367133583361,0.0,0.0,0.0,0.0
47.8,LC2,27.40649488237169,0.4170783758163452,40.590053982204864,0.09992910575361304,0.06447232337209698,0.37309498622928156,0.008043942862643079,0.0,0.0,0.0,0.0
47.85,LC2,27.46306218041314,0.41763413945833844,40.68712043762207,0.10134361354144046,0.06579557013874435,0.37360122256154626,0.00805293226268887,0.0,0.0,0.0,0.0
47.9,LC2,27.520037015279133,0.41818372739685905,40.78507275051541,0.1027683120937573,0.0671041128495046,0.3739972331448438,0.00806010119567226,0.0,0.0,0.0,0.0
47.95,LC2,27.577405081854927,0.4187268118063609,40.88391452365451,0.10420284370042164,0.06839717096736307,0.3742942035433065,0.008065579565516116,0.0,0.0,0.0,0.0
48.0,LC2,27.635163095262314,0.4192628413438797,40.9836483001709,0.10564712622058592,0.06967343177097622,0.3745119305930136,0.008069553978840328,0.0,0.0,0.0,0.0
48.05,LC2,27.69329113430447,0.4197911239332623,41.08427174886068,0.10710066150975629,0.07093124745997939,0.37465211026098416,0.008072360775696601,0.0,0.0,0.0,0.0
48.1,LC2,27.751786020067,0.42031123571925694,41.185796949598526,0.10856337007678997,0.0721696088552018,0.37473164781782786,0.00807410319541035,0.0,0.0,0.0,0.0
48.15,LC2,27.810635990566677,0.42082301278909046,41.28822792900933,0.11003495780445918,0.07338812568813584,0.374766118154892,0.008074780885302045,0.0,0.0,0.0,0.0
48.2,LC2,27.869823455810547,0.42132675647735596,41.39155599806044,0.11151498484177447,0.07458751542209846,0.37476929784920476,0.008074439549475862,0.0,0.0,0.0,0.0
48.25,LC2,27.92934121025933,0.4218209915690952,41.49580065409342,0.11300327100881245,0.07576426564052241,0.3747551459248945,0.008073485770293648,0.0,0.0,0.0,0.0
51.85,LC2,31.707027435302734,0.421951025724411,51.122100830078125,0.20746715332782856,0.07607387077222601,0.5595516523130183,0.01003866617783149,0.0,0.0,0.0,0.0
52.2,LC2,31.905419137742783,0.4353939609395133,52.19783486260308,0.21242808690355205,0.10808085937953626,0.5523926634825488,0.06458448627117172,0.0,0.0,0.0,0.0
52.25,LC2,31.93173959520128,0.46914009584320915,52.351649814181854,0.21308624971746165,0.18842879962623976,0.5504702891167461,0.11098339290579211,0.0,0.0,0.0,0.0
52.3,LC2,31.957628356085884,0.49933771126800114,52.50542767842611,0.21373361763419763,0.2603278839708114,0.5483268923838384,0.13046199768349692,0.0,0.0,0.0,0.0
52.35,LC2,31.983107460869682,0.5004919452799691,52.659131368001304,0.21437074179234894,0.2630760601897762,0.5459733693612981,0.13305194440402815,0.0,0.0,0.0,0.0
61.25,LC2,37.70986991458469,0.514115239183108,57.946370442708336,0.35757273959471503,0.29551247424479155,0.3182245541438694,0.05804023108573302,0.0,0.0,0.0,0.0
61.6,LC2,37.99011516571045,0.5190659628974067,57.645715925428604,0.36458048265376247,0.30729991165976045,0.3601930197666279,0.04858767324321072,0.0,0.0,0.0,0.0
61.650000000000006,LC2,38.029978328280976,0.5191559725337558,57.605864418877495,0.3655772909839416,0.30751422031773396,0.3687859815830255,0.04757410474419006,0.0,0.0,0.0,0.0
61.7,LC2,38.069820404052734,0.5192800992065005,57.56692632039388,0.3665735720228745,0.3078097600147445,0.37801173323243575,0.046626848733085924,0.0,0.0,0.0,0.0
61.75,LC2,38.10964436001248,0.5194410797622468,57.52896817525228,0.3675693999622942,0.3081930470522348,0.3878516054171333,0.04575461782361796,0.0,0.0,0.0,0.0
61.8,LC2,38.14946206410726,0.5196335282590654,57.492027282714844,0.36856507156913326,0.3086512577589446,0.39829580317215,0.044940842354094186,0.0,0.0,0.0,0.0
61.85,LC2,38.189278072781036,0.5198511083920797,57.45618587070041,0.36956070078069625,0.3091693056946917,0.4093202420619674,0.044182676551379474,0.0,0.0,0.0,0.0
61.900000000000006,LC2,38.229108810424805,0.5200961778561274,57.42148229810927,0.3705566983012201,0.30975280441861336,0.42091058789812447,0.04348270595298161,0.0,0.0,0.0,0.0
61.95,LC2,38.26895660824246,0.5203581071562238,57.38799624972873,0.37155312242420985,0.31037644560931754,0.4330445165860039,0.04282783829862239,0.0,0.0,0.0,0.0
62.0,LC2,38.30883312225342,0.5227377580271827,57.355781131320526,0.3725502646171881,0.3160422810163491,0.4457000947685327,0.041180093792204914,0.0,0.0,0.0,0.0
62.05,LC2,38.348758379618324,0.5259479317400191,57.32491005791558,0.3735486256743539,0.32368555176117947,0.4588630345545532,0.03821266917306872,0.0,0.0,0.0,0.0
62.1,LC2,38.388731744554306,0.526228795448939,57.29545889960395,0.3745481896974787,0.3243542748776538,0.4725019141018466,0.0376451873065331,0.0,0.0,0.0,0.0
62.150000000000006,LC2,38.42877599928114,0.5301594485839208,57.26749398973253,0.37554952637308503,0.3337129728180645,0.48660114891799966,0.03445362527384052,0.0,0.0,0.0,0.0
62.2,LC2,38.46889167361789,0.5304511967632506,57.241102642483185,0.37655264894969626,0.3344076113402766,0.5011308537929399,0.033909974027304515,0.0,0.0,0.0,0.0
62.25,LC2,38.50910568237305,0.5444433738787969,57.216353522406685,0.3775582304523208,0.36772231875816475,0.5160751139209803,0.046150676062945185,0.0,0.0,0.0,0.0
62.3,LC2,38.54941908518473,0.544638936718305,57.19334411621094,0.37856629737800573,0.36818794456651616,0.5314021407964034,0.045547425378689985,0.0,0.0,0.0,0.0
62.35,LC2,38.58985996246338,0.5448560913403829,57.172153896755646,0.37957755189851167,0.36870497938098623,0.5470977972287141,0.04497552687984484,0.0,0.0,0.0,0.0
62.400000000000006,LC2,38.63042661878798,0.5450816618071662,57.152876959906685,0.38059195161856224,0.3692420519209451,0.5631288111507526,0.044429484826693795,0.0,0.0,0.0,0.0
62.75,LC2,38.91955545213487,0.5457774698734283,57.07988293965658,0.387821835325487,0.37089873779299387,0.6828864085775529,0.04179843395802188,0.0,0.0,0.0,0.0
62.8,LC2,38.96180873446994,0.5510552194383409,57.079617182413735,0.3888784103961299,0.3834648081856129,0.7007841973531803,0.040089818897312016,0.0,0.0,0.0,0.0
62.85,LC2,39.00436157650418,0.5514874325858222,57.082240634494354,0.3899424761821167,0.38449388710818505,0.7188098854235363,0.03985722927666599,0.0,0.0,0.0,0.0
62.900000000000006,LC2,39.04722785949707,0.551932026942571,57.087882147894966,0.3910143797947698,0.38555244510044157,0.7369368603287091,0.039652639640955945,0.0,0.0,0.0,0.0
62.95,LC2,39.09043778313531,0.5523882342709435,57.096675872802734,0.3920948763999449,0.3866386530251354,0.7551429768319243,0.03947378742276547,0.0,0.0,0.0,0.0
63.0,LC2,39.13400734795464,0.5528577566146851,57.10874621073405,0.39318436610305996,0.38775656336737446,0.7734022634757538,0.03932306142881142,0.0,0.0,0.0,0.0
63.05,LC2,39.17796548207601,0.5533546871609158,57.1242241329617,0.39428357227351335,0.3889397313345878,0.791691892671846,0.039210215528677365,0.0,0.0,0.0,0.0
63.1,LC2,39.22233147091336,0.559094617764155,57.143247816297745,0.3953929771575704,0.40260623277083907,0.809985969516569,0.037764552038652865,0.0,0.0,0.0,0.0
63.150000000000006,LC2,39.26713858710395,0.5597125821643405,57.165955225626625,0.3965134127625242,0.40407757658080096,0.8282626949312577,0.03760422040217609,0.0,0.0,0.0,0.0
63.2,LC2,39.31240230136447,0.5603532393773397,57.19247415330675,0.3976452659452693,0.4056029508974621,0.846494479522102,0.037469004744625924,0.0,0.0,0.0,0.0
63.25,LC2,39.35815249549018,0.561013486650255,57.22294256422255,0.39878928392254676,0.40717496821392324,0.8646562665719574,0.03735747566456631,0.0,0.0,0.0,0.0
63.3,LC2,39.40442932976617,0.5616927544275919,57.257500118679474,0.39994647093245866,0.40879227244567407,0.8827270667762833,0.03727352161659038,0.0,0.0,0.0,0.0
63.35,LC2,39.45124604966905,0.5623915625943078,57.29627227783203,0.40111715818809957,0.4104561014140412,0.900676692475659,0.037214138434157856,0.0,0.0,0.0,0.0
63.400000000000006,LC2,39.49864514668783,0.5631044639481438,57.33939785427518,0.4023024082210765,0.4121534855898373,0.9184838397059849,0.03717627157050636,0.0,0.0,0.0,0.0
63.45,LC2,39.546642515394424,0.5638401044739617,57.3869874742296,0.40350261848710256,0.41390501065130425,0.9361205895246618,0.03716534510632979,0.0,0.0,0.0,0.0
63.5,LC2,39.595288806491425,0.5645847353670332,57.43918312920464,0.4047190555450509,0.41567794134908936,0.9535639583980425,0.03717141509404859,0.0,0.0,0.0,0.0
63.55,LC2,39.64459991455078,0.5653497676054636,57.496084213256836,0.40595211685063504,0.4174994466786812,0.9707850827476295,0.03720212881628709,0.0,0.0,0.0,0.0
63.6,LC2,39.69462256961398,0.5694317486551073,57.557819578382706,0.4072029709236519,0.4272184491778096,0.9877614719392618,0.03518268871265097,0.0,0.0,0.0,0.0
63.650000000000006,LC2,39.74538209703233,0.5701957179440392,57.624476962619354,0.4084722510435382,0.4290374236752623,1.0044593381486147,0.03517242818200002,0.0,0.0,0.0,0.0
63.7,LC2,39.79691632588705,0.5709831747743819,57.696159574720596,0.40976090315489155,0.43091232089035936,1.0208599176485382,0.03518166863228788,0.0,0.0,0.0,0.0
63.75,LC2,39.84927315182156,0.5717925363116794,57.77297019958496,0.4110701249242614,0.43283937216963453,1.0369354397855672,0.03520926823364466,0.0,0.0,0.0,0.0
63.8,LC2,39.902476416693794,0.5726290047168732,57.85496605767144,0.41240051253521764,0.43483096361056744,1.0526567577725332,0.03526320920715007,0.0,0.0,0.0,0.0
63.85,LC2,39.95657719506158,0.5734872188833025,57.94224230448405,0.41375334314545253,0.4368743306734894,1.0680008936908167,0.03533733669651373,0.0,0.0,0.0,0.0
63.900000000000006,LC2,40.01160462697347,0.5743632316589355,58.034841537475586,0.41512934542377394,0.43896007537737275,1.0829381879480673,0.035427548406827734,0.0,0.0,0.0,0.0
64.15,LC2,40.30223825242784,0.5751815007792579,58.5793079800076,0.4223968575879307,0.44090833518765943,1.1506178350774803,0.0386465966483629,0.0,0.0,0.0,0.0
64.2,LC2,40.363780657450356,0.5761580997043185,58.704666985405815,0.423935771663731,0.44323357072351255,1.1625705126541106,0.0388093859178297,0.0,0.0,0.0,0.0
64.25,LC2,40.42655743492974,0.577167809009552,58.83549457126193,0.42550555215022745,0.44563764049787224,1.1739313588813114,0.03897712618510941,0.0,0.0,0.0,0.0
64.3,LC2,40.490632904900444,0.5782005687554678,58.97181065877279,0.42710780741820664,0.4480965922738563,1.1846829676780855,0.0391472317340564,0.0,0.0,0.0,0.0
64.35,LC2,40.55604542626275,0.5792575909031762,59.113569259643555,0.42874349666079,0.4506133116731561,1.1947958458840833,0.03932162794957962,0.0,0.0,0.0,0.0
64.4,LC2,40.62285486857096,0.580351452032725,59.26075998942057,0.4304141169611644,0.4532177429339803,1.204247631721358,0.039511555384590336,0.0,0.0,0.0,0.0
64.45,LC2,40.69110139211019,0.5814777546458774,59.413319481743706,0.4321206725574322,0.455899415822432,1.2130161297065036,0.03971337875690366,0.0,0.0,0.0,0.0
65.5,LC2,42.546448389689125,0.5815221402380202,63.730630238850914,0.47851501819640135,0.45600509580372417,1.2107522823007115,0.041770323154358635,0.0,0.0,0.0,0.0
65.55,LC2,42.6588069068061,0.58340213365025,63.98108779059516,0.4813246273344274,0.4604812705947368,1.201277743679853,0.04198872009605542,0.0,0.0,0.0,0.0
65.6,LC2,42.77360799577501,0.5853103862868415,64.23472997877333,0.484195314816771,0.4650247292532773,1.1910209527754874,0.04221355964010168,0.0,0.0,0.0,0.0
65.65,LC2,42.89092572530111,0.5872552759117551,64.49154281616211,0.4871289327870566,0.46965541883639383,1.1800005483212581,0.042443969275742774,0.0,0.0,0.0,0.0
65.8,LC2,43.25798087649875,0.5887118644184537,65.2795778910319,0.4963074226196589,0.4731234867094775,1.142721197691008,0.041158960584211736,0.0,0.0,0.0,0.0
65.85,LC2,43.38542705112033,0.5907287200291952,65.5477958255344,0.49949430996928873,0.47792552387789816,1.1290205714558794,0.04134913814753777,0.0,0.0,0.0,0.0
65.9,LC2,43.51545503404405,0.5927812920676337,65.81864166259766,0.502745757375285,0.48281260015988314,1.1147597975922976,0.04156197930901542,0.0,0.0,0.0,0.0
65.95,LC2,43.648039711846245,0.5948733819855584,66.09196896023221,0.5060611368576208,0.4877937666311204,1.0999956260091488,0.041805870960340004,0.0,0.0,0.0,0.0
66.0,LC2,43.783225801255966,0.596990790632036,66.3677609761556,0.5094415665917026,0.4928352157893884,1.0847768226732153,0.04207181167926074,0.0,0.0,0.0,0.0
66.05,LC2,43.92095428042941,0.5991383459832933,66.645815955268,0.5128855706919817,0.49794844281617934,1.0691807157732172,0.04235547440646554,0.0,0.0,0.0,0.0
66.1,LC2,44.06128194597032,0.6013174619939592,66.92616017659505,0.5163945694002072,0.5031368142701335,1.0532683874660458,0.04266090592747503,0.0,0.0,0.0,0.0
66.15,LC2,44.204162491692436,0.6035333507590823,67.20862876044379,0.5199674047954009,0.5084127399013664,1.0371110803558732,0.0429994293819184,0.0,0.0,0.0,0.0
66.2,LC2,44.34959676530626,0.6057740847269694,67.49315897623698,0.5236040980752007,0.5137478207772752,1.0207910583721085,0.0433701235539646,0.0,0.0,0.0,0.0
66.25,LC2,44.497586992051865,0.608038432068295,67.77970377604167,0.5273047048834066,0.5191391239708949,1.004387989871603,0.0437724720062952,0.0,0.0,0.0,0.0
66.3,LC2,44.64810191260444,0.6103267769018809,68.06815422905817,0.5310684435571159,0.5245875640508483,0.9879835161718418,0.04420081449855394,0.0,0.0,0.0,0.0
66.35,LC2,44.801142586602104,0.6126534740130106,68.35846667819553,0.5348953405933757,0.5301273190773345,0.97167515408163,0.04469133862210092,0.0,0.0,0.0,0.0
66.4,LC2,44.956665145026314,0.6150040891435411,68.65052329169379,0.5387842990144177,0.5357240217690603,0.9555529706429585,0.04521603861471992,0.0,0.0,0.0,0.0
66.45,LC2,45.11468474070231,0.6173793739742703,68.94432110256619,0.5427356977280217,0.5413794618422118,0.9397068147584017,0.04576915482178439,0.0,0.0,0.0,0.0
66.5,LC2,45.27513885498047,0.6197730931970808,69.23972786797418,0.546747973408382,0.5470787933250804,0.9242383465638997,0.04635039132959699,0.0,0.0,0.0,0.0
66.55,LC2,45.438042958577476,0.6221811572710673,69.5367554558648,0.550821512912393,0.5528122792155106,0.909238935083779,0.04695918663989849,0.0,0.0,0.0,0.0
66.6,LC2,45.603326903449165,0.6246018906434377,69.83525043063693,0.5549545621355064,0.5585759301020932,0.894804919558895,0.04760040121477255,0.0,0.0,0.0,0.0
67.0,LC2,47.00874688890245,0.624637997812695,72.2713868882921,0.5900981447958497,0.5586618995527056,0.8093656694023583,0.029583549304221236,0.0,0.0,0.0,0.0
67.05,LC2,47.19431739383273,0.6269204020500183,72.58110894097223,0.5947384746949833,0.5640961953558433,0.803280690289398,0.02940171299614324,0.0,0.0,0.0,0.0
67.1,LC2,47.38199286990695,0.6292122105757395,72.89186180962457,0.5994314409790841,0.5695528823218332,0.7982871462878374,0.02921337592457928,0.0,0.0,0.0,0.0
67.15,LC2,47.571744706895615,0.6315137810177274,73.20361879136827,0.6041763282278677,0.5750328119456007,0.7943687060529594,0.029013424300605183,0.0,0.0,0.0,0.0
67.2,LC2,47.7634916305542,0.6338426172733307,73.51624298095703,0.6089711041177869,0.5805776601732144,0.7914949801924819,0.02879223050988886,0.0,0.0,0.0,0.0
67.25,LC2,47.95725313822428,0.6361872752507528,73.82979583740234,0.6138162561945165,0.5861601791670634,0.7896216173294595,0.028561925866532733,0.0,0.0,0.0,0.0
67.3,LC2,48.15294202168783,0.6385347214010026,74.14414681328668,0.618709603751043,0.591749336667645,0.7886849659293896,0.028322332656551454,0.0,0.0,0.0,0.0
67.35,LC2,48.35056209564209,0.6408969230122037,74.4593243069119,0.6236512421767374,0.5973736262181102,0.7886184638141422,0.028063363937716402,0.0,0.0,0.0,0.0
67.4,LC2,48.550045331319176,0.6432677904764811,74.77523507012262,0.6286394703611468,0.6030185487520906,0.7893486531586521,0.027798310887621084,0.0,0.0,0.0,0.0
67.45,LC2,48.751389821370445,0.645661195119222,75.09190241495769,0.6336742406095855,0.6087171312347935,0.7907869630213988,0.027521202762061683,0.0,0.0,0.0,0.0
67.5,LC2,48.95450528462728,0.6480736335118612,75.40920554267035,0.638753295373602,0.614461032169635,0.792840037219867,0.02723449322224673,0.0,0.0,0.0,0.0
67.55,LC2,49.159395429823135,0.6504893998305002,75.72717963324652,0.6438767273928627,0.6202128567378096,0.795422958815369,0.02693923299739604,0.0,0.0,0.0,0.0
67.6,LC2,49.36602518293593,0.6529082457224528,76.04578484429254,0.6490436596150935,0.625972013623397,0.7984379791083124,0.026627000420366597,0.0,0.0,0.0,0.0
67.65,LC2,49.5743072297838,0.6553395489851633,76.3649173312717,0.6542519086835759,0.6317608309155514,0.8017884575573939,0.026311392062658298,0.0,0.0,0.0,0.0
67.7,LC2,49.7842583126492,0.6577955053912269,76.68464236789279,0.6595018932516614,0.6376083461680696,0.8053814165043133,0.025978687607615788,0.0,0.0,0.0,0.0
67.75,LC2,49.995782958136665,0.6602511439058516,77.00482432047527,0.6647912259353652,0.6434551045362098,0.8091293985472463,0.025635879836788812,0.0,0.0,0.0,0.0
67.8,LC2,50.208878411187065,0.6627092791928185,77.32551023695204,0.6701198378423636,0.6493078076004029,0.8129472764240709,0.025273329606892256,0.0,0.0,0.0,0.0
67.85,LC2,50.42346159617106,0.6652226779195998,77.64658567640517,0.6754856516041285,0.6552920902832011,0.8167530902565543,0.024811694317863175,0.0,0.0,0.0,0.0
67.9,LC2,50.63953389061822,0.6677580740716722,77.96810701158311,0.6808887016668218,0.6613287477881211,0.8204677607389232,0.024340638327339778,0.0,0.0,0.0,0.0
67.95,LC2,50.85699123806424,0.6702979538175795,78.28994369506836,0.6863263860203735,0.6673760805164574,0.8240199944461093,0.023865343019667713,0.0,0.0,0.0,0.0
68.0,LC2,51.07582812839084,0.6728259722391764,78.61212751600478,0.6917985668801362,0.6733951719964356,0.8273432632741138,0.02338982350737763,0.0,0.0,0.0,0.0
68.05,LC2,51.29601754082574,0.6753468480375078,78.93466016981337,0.6973045685713974,0.6793972572305437,0.8303778478119168,0.022911126711349098,0.0,0.0,0.0,0.0
68.1,LC2,51.51744121975369,0.6778662237856123,79.25740178426106,0.7028414340236502,0.6853957709164926,0.833067878881077,0.022443365164256393,0.0,0.0,0.0,0.0
68.15,LC2,51.74013614654541,0.6803900599479675,79.58043797810872,0.7084100879838539,0.6914049046363716,0.835364256733953,0.021969172172376532,0.0,0.0,0.0,0.0
68.2,LC2,51.96397590637207,0.6829035182793936,79.90363015068903,0.7140073693542355,0.6973893292349908,0.8372142333788647,0.02149101050583157,0.0,0.0,0.0,0.0
68.25,LC2,52.188982751634384,0.6854163375165727,80.22705374823676,0.7196338345727934,0.7033722321806413,0.8385858621625324,0.021008152721026865,0.0,0.0,0.0,0.0
68.3,LC2,52.41503397623698,0.6879203816254934,80.55057271321614,0.7252864152814211,0.7093342419637715,0.8394371226656241,0.020527239431215514,0.0,0.0,0.0,0.0
68.35,LC2,52.642118983798554,0.69042083952162,80.87421502007379,0.7309648465096429,0.7152877131450113,0.8397378008092775,0.02004517045072695,0.0,0.0,0.0,0.0
68.4,LC2,52.8702188067966,0.6929100685649447,81.19798829820421,0.7366686539603076,0.7212144489624369,0.8394551647216696,0.019568529367602533,0.0,0.0,0.0,0.0
68.45,LC2,53.09921741485596,0.6953920953803592,81.5217645433214,0.7423949362067079,0.7271240366181715,0.8385709003946852,0.01909319944151381,0.0,0.0,0.0,0.0
68.5,LC2,53.32914818657769,0.6978671683205498,81.8456522623698,0.748144527905842,0.7330170674281352,0.8370618628955893,0.018605869836817186,0.0,0.0,0.0,0.0
68.55,LC2,53.559868282741974,0.7003424333201514,82.16947258843317,0.7539138572556994,0.7389105555224107,0.8349060223876583,0.018125156516999284,0.0,0.0,0.0,0.0
68.6,LC2,53.79142051272922,0.7028095324834188,82.49333148532443,0.759703994737001,0.7447846011492238,0.8320912385654022,0.01764013286208167,0.0,0.0,0.0,0.0
68.65,LC2,54.02367538876004,0.7052628232373132,82.8170992533366,0.7655117024105363,0.7506257696108631,0.8286041391173441,0.0171643396586385,0.0,0.0,0.0,0.0
68.7,LC2,54.25665262010362,0.7077477739916908,83.14083099365234,0.7713374731213892,0.7565423190260337,0.824439850960751,0.01660643262664592,0.0,0.0,0.0,0.0
68.75,LC2,54.49024984571669,0.7102378971046872,83.46443557739258,0.7771787472547664,0.7624711835807731,0.8195869669695003,0.016030189709644982,0.0,0.0,0.0,0.0
68.8,LC2,54.724442376030815,0.7127176490094926,83.7879172431098,0.7830349074294597,0.7683753547826767,0.8140480412427206,0.015455446848839633,0.0,0.0,0.0,0.0
68.85,LC2,54.95921654171414,0.715196990304523,84.11130311754015,0.7889056118335556,0.7742785483422587,0.8078213461481915,0.014886457500035562,0.0,0.0,0.0,0.0
68.9,LC2,55.19446531931559,0.7176690002282461,84.43447409735785,0.794788184265251,0.7801642862558712,0.8009082167782595,0.014331160026463076,0.0,0.0,0.0,0.0
68.95,LC2,55.43020174238417,0.7201330595546298,84.75750266181097,0.800682950638231,0.7860310941758184,0.7933177941951939,0.013774208499237328,0.0,0.0,0.0,0.0
69.0,LC2,55.6663146548801,0.7225813236501482,85.08027818467882,0.8065871314122071,0.7918602944032292,0.785062212468401,0.013235580929300458,0.0,0.0,0.0,0.0
69.05,LC2,55.9028263092041,0.7250142329268985,85.40285958184137,0.812501283025178,0.7976529355383353,0.7761552214092253,0.012708866834511575,0.0,0.0,0.0,0.0
69.1,LC2,56.139631271362305,0.7274282541539934,85.72516081068251,0.8184227690209119,0.8034006051266427,0.7666182211416653,0.012190180787326926,0.0,0.0,0.0,0.0
69.15,LC2,56.37674702538384,0.7298380898104774,86.04724502563477,0.8243520266006937,0.8091383090706386,0.7564715167627024,0.0116904486004025,0.0,0.0,0.0,0.0
69.2,LC2,56.61405605740018,0.7322424650192261,86.36898379855685,0.8302861172419493,0.814863011948598,0.7457500451328403,0.011209553969813204,0.0,0.0,0.0,0.0
69.25,LC2,56.85155783759223,0.7346331940756904,86.69041909111871,0.8362250276961551,0.8205552239877852,0.7344834313878806,0.01075294635798602,0.0,0.0,0.0,0.0
69.3,LC2,57.08924282921685,0.7370012932353549,87.01158269246419,0.842168519489883,0.8261935553203064,0.7227174214428146,0.010320983232749721,0.0,0.0,0.0,0.0
69.35,LC2,57.32699214087592,0.7393575608730316,87.33236100938585,0.8481136196543976,0.8318037163623805,0.7104923671353526,0.009905750665555164,0.0,0.0,0.0,0.0
69.4,LC2,57.56483851538764,0.741706434223387,87.65283542209201,0.854061146948468,0.8373962719584513,0.6978696795465908,0.009523530130200276,0.0,0.0,0.0,0.0
69.45,LC2,57.80266910129123,0.744049072265625,87.97289021809895,0.8600082794365296,0.8429739815828142,0.6849105200930099,0.009181303837433796,0.0,0.0,0.0,0.0
69.5,LC2,58.04051611158583,0.7463716997040643,88.29261313544379,0.8659558226288288,0.8485040469124184,0.671682945457919,0.008863096647981576,0.0,0.0,0.0,0.0
69.55,LC2,58.27826362186008,0.7486782073974609,88.61189863416884,0.8719008777483622,0.8539957318966831,0.6582701916052801,0.008578735451662435,0.0,0.0,0.0,0.0
69.6,LC2,58.515949461195206,0.7509757512145572,88.9308230082194,0.8778443907397283,0.8594660743183278,0.6447642042636885,0.008349416051421588,0.0,0.0,0.0,0.0
69.65,LC2,58.75346151987711,0.7532590925693512,89.24928029378255,0.8837835582152954,0.8649026013535387,0.6312653825247694,0.008157717595563718,0.0,0.0,0.0,0.0
69.7,LC2,58.990797996520996,0.7555330130789015,89.56730228000217,0.8897183351300826,0.8703166978048361,0.6178895312829178,0.007999800391965288,0.0,0.0,0.0,0.0
69.75,LC2,59.22795984480116,0.7577899396419525,89.884945763482,0.8956487453314329,0.8756903324787543,0.6047646135307712,0.007892413226061,0.0,0.0,0.0,0.0
69.8,LC2,59.46483898162842,0.7600350247489082,90.20208740234375,0.9015720861204957,0.8810357732095884,0.5920245899092373,0.0078321450309948,0.0,0.0,0.0,0.0
69.85,LC2,59.70146814982096,0.7622662981351217,90.51880772908528,0.9074891762560404,0.8863483288910364,0.579823777459201,0.007805941743439427,0.0,0.0,0.0,0.0
69.9,LC2,59.93774488237169,0.764477915234036,90.83501476711697,0.9133974534735683,0.8916140838884389,0.5683338647476859,0.007821136437547054,0.0,0.0,0.0,0.0
69.95,LC2,60.173713048299156,0.7666823301050398,91.15080049302843,0.9192980147508488,0.8968626907241498,0.5577221595172389,0.007885802541490685,0.0,0.0,0.0,0.0
70.0,LC2,60.40926615397135,0.7688773638672299,91.46605343288846,0.9251881971346018,0.9020889615864948,0.5481834235794841,0.007992605290853789,0.0,0.0,0.0,0.0
